Sample_ID,Prediction
1,Alzheimer Risk
2,Alzheimer Risk
3,Alzheimer Risk
4,Alzheimer Risk
5,Alzheimer Risk
6,Alzheimer Risk
7,Alzheimer Risk
8,Alzheimer Risk
9,Alzheimer Risk
10,Alzheimer Risk
11,Alzheimer Risk
12,Alzheimer Risk
13,Alzheimer Risk
14,Alzheimer Risk
15,Alzheimer Risk
16,Alzheimer Risk
17,Alzheimer Risk
18,Alzheimer Risk
19,Alzheimer Risk
20,Alzheimer Risk
21,Alzheimer Risk
22,Alzheimer Risk
23,Alzheimer Risk
24,Alzheimer Risk
25,Alzheimer Risk
26,Alzheimer Risk
27,Alzheimer Risk
28,Alzheimer Risk
29,Alzheimer Risk
30,Alzheimer Risk
31,Alzheimer Risk
32,Alzheimer Risk
33,Alzheimer Risk
34,Alzheimer Risk
35,Alzheimer Risk
36,Alzheimer Risk
37,Alzheimer Risk
38,Alzheimer Risk
39,Alzheimer Risk
40,Alzheimer Risk
41,Alzheimer Risk
